店名,地址,电话
家乐福（王府井店）,东城区王府井大街269号院1号楼B1层,010-65283561
世纪华联超市,西城区未英胡同31号（西绒线）,15865133377/18515828989
常常来超市,东城区后永康胡同12号,13810262338
华联超市（鲁谷店）,石景山区鲁谷南路鲁谷新岚大厦15-16楼6号,18210363409/13264056516
世纪华联超市（阜成门店）,西城区西直门南小街玉廊西园11号楼1层107号,13681193142
世纪华联超市（莲水怡园店）,通州区马桥北街236号1层全部,17310704325/18910704325
罗森（超市发苏州街二店）,海淀区海淀苏州街18号院-4楼1层4101-1,010-62527023
华欣超市（安慧里店）,朝阳区安立路亚运村安慧里4区5号楼,010-64919249
华冠超市,房山区韩村河镇鲁班路西小区售楼处,010-80384553
京客隆（扑满山店）,丰台区宋庄路71号扑满山底商1层,010-87653068
福兰德超市,通州区中山大街189号,
运河美隆生活超市（疃里店）,通州区兴旺北路（近疃里一区）,13716277305
华联生活超市,大兴区黄村西大街临甲46,15652565256
罗森（大兴机场四店）,大兴区北京大兴国际机场航站楼一层出发远机位  S-AR01-015B  安检内,010-65186339
华源超市（望京店）,朝阳区利泽东园308号1单元1层116,13391735895
华联生活超市（诚苑小区店）,丰台区诚苑南里2号楼一层底商,15093999777
华联超市,西城区菜市口广安门内大街枫桦豪景6号楼底商农业银行隔壁,15711079616
京客隆（新桥大街店）,门头沟区门头沟新桥大街79-80号（近呷哺呷哺）,010-69861840
华联超市,海淀区双清路18号科学院环化研究中心西侧,
超市（北京市百货大楼店）,东城区王府井大街255号北京市百货大楼B1层,010-85260063/65223388
华联生活超市,西城区月坛南街甲12号万丰怡和商务会馆地下1层,010-68013085
福兰德便利超市,通州区马驹桥镇南小营路小太阳双语幼儿园,010-61589105
物美超市（北洼路二店）,海淀区北洼路32号院底商,
超市发超市,通州区桦秀路201号超市发（荔景园小区北门）,13269969988
物美（卢沟桥店）,丰台区卢沟桥北里2号楼底商,010-83891731
华联超市,房山区长阳路启航国际商务会所附近,13031193935
华联超市（百环家园店）,朝阳区广渠路66号院12号,
华冠超市（中奥嘉园店）,丰台区长兴路中体奥林匹克花园,13466665886
永辉超市（万科时代中心店）,朝阳区十里堡甲3号院甲1号楼,
超市发（永定路店）,海淀区永定路88号,010-59226381
京东便利店（枣园店）,大兴区枣园路枣园小区31号楼240号,13910429988
物美品超市（新燕莎金街广场店）,东城区王府井大街301号新燕莎金街购物广场B2层,010-65283916
超市,海淀区大慧寺路12号,
世纪家家福超市,昌平区北七家镇东沙各庄村,
华联便利超市,房山区北京市良乡东路56号院45幢-1层3阳光邑上南门底商,010-60357559
全家爱超市（东大街店）,东城区崇文门东大街8号楼,18911249182
世纪华联超市,顺义区天竺镇蓝海苑5号楼7单元1层102室,18201149813
超市发（万寿寺店）,海淀区万寿寺北里6号楼1层,
全家爱超市（崇文门店）,东城区崇文门外大街18号,
京东便利店,朝阳区百子湾南二路A派公寓2号楼底商,18511950066/13718146921
物美（洋桥店）,丰台区马家堡东路25号（京华苑小区西北）,010-67222906
华联超市,通州区通燕高速辅路与013县道交叉口旁,010-80543316
华润万家便利超市,西城区大栅栏西街15号,010-63018707
物美超市（双井店）,朝阳区富力城B1,010-67799870
天堂超市（五道口店）,海淀区五道口地铁旁东源大厦3层,18516966904
JAY便利店,西城区西四北大街52号,18500606102/13717768867
7-11（黄寺大街店）,西城区黄寺大街26号院2号楼01-02、01-03,13301131781
物美（金宝街店）,东城区建国门北大街金城建国5号地下一层,
物美超市（燕化星城店）,房山区紫燕中路5号燕鹏星城商厦地上2层,4001016016
多点便利店,丰台区马家堡东路94号,
超市发（前门店）,西城区粮食店街39号02A,010-63014974
华联超市,昌平区沙河镇松兰堡村1号北综合楼,15311759603
京美连锁超市（安慧里店）,朝阳区安慧里四区5号楼,15330277668
美廉美超市（马家堡）,丰台区翠林二里13号楼,
711便利店,丰台区丰桥路7号院,18401240553
千禧清真食品超市,丰台区正阳大街127号,
世纪华联超市（上地店）,海淀区上地六街17号1号楼1层西侧,010-62985269
多点便利店（上地六街店）,海淀区上地六街17号1号楼1F6106B号,15011073844
福兰德便利超市,通州区徐辛庄路,010-89560304
京客隆（丰台花乡店）,丰台区银地家园3、4号楼底商,010-83729197
华联超市,东城区毛家湾胡同甲13号北京站F2,13801228068
京客隆,通州区通燕高速铺路北京胸科医院警务工作室向南80米,010-69520961
阳光超市,东城区南站幸福路烟酒超市北80米,010-58461911
物美便利店（宣武门店）,西城区宣武门东大街8号楼东侧临街商铺,010-83167171
天猫超市,朝阳区大屯路南沙滩66号华源冠军城1号楼1层1-213,13621230191
多点便利店,丰台区西四环南路38号,
绿叶子超市（大兴机场店）,大兴区北京大兴国际机场航站楼国际到达1层S-AR01-010安检外,
便民超市,海淀区中关村东路105号,
超市发（天丰利市场店）,朝阳区和平西街21号天丰利市场1层底商,15313133531
超市,东城区安外东河沿煤炭部宿舍小区内,13691006191/15811287786
物美便利店（石龙店）,门头沟区永定镇何各庄中街1号院丽景长安13号楼底商,15010662699
多点便利店（四季青路店）,海淀区海淀区四季青路8号1层166,18515439551
永嘉生活超市,海淀区永丰嘉园四区,15034359997
四季如鲜生活超市,丰台区中奥嘉园经适房底商12号楼103号-104号,13718280299/18610327644
京东便利店,西城区黄寺大街佰隆大厦一层,13720062006
世纪华联超市,朝阳区望京北路39号澳洲康都4号楼一层,13161893892
世纪华联,西城区黄寺大街23号4号楼1层14_檀香玫瑰美容养生,15188579391
全家爱便利店（角门北路店）,丰台区角门北路58号,
京东便利店,大兴区旧宫清逸园甲区1幢1层6-102,15811092013
BLT精品超市（国贸商城店）,朝阳区建国门外大街1号国贸商城南区地下一层SB1061,010-65067977
乐邻便利店,朝阳区八里庄北里129号院1号楼1层105号,010-85918602
顺天府超市（府右街店）,西城区西什库大街31号,010-66181855
Ole精品超市（国贸商城店）,朝阳区建国门外大街1号国贸商城北区地下二层3B211,010-85351017
世纪华联超市,朝阳区四惠惠馨国际,15210809858
烟酒百货超市,大兴区旧宫镇佳和园小区西门底商（阳光佳和商店旁）,15811179345
京东便利店,通州区颐瑞中二路80号,
红番茄超市,大兴区南小街南路柒牌对面（近芳源里小区）,010-67923913
世纪华联超市,丰台区海户路珠江骏景北区26号楼底商,15810875717
世纪华联,丰台区航丰路1号院2楼1113号（时代财富天地华夏银行隔壁）,15701227357
超市,海淀区远大园二区甲1号一层010号,13611279397
华欣生活超市（黄寺店）,西城区黄寺大街23号阳光丽景A栋一层1012-1013号,15811519085
京客隆（京源店）,朝阳区新源街24号,010-64614706
华联生活超市（永顺路店）,通州区永顺路54附近,18310282837
福兰德超市,朝阳区古塔北路大众浴池旁,
华联超市,门头沟区门头沟增产路7号楼底商1-2室,18006404153
多点便利24小时,大兴区大兴区中冶德贤公馆,
超市发超市（北清路店）,海淀区友谊路102号院16号楼底商（近航天城）,010-68117107
华欣超市（翠城店）,朝阳区垡头翠城馨园北门302号楼10-2,13520388041
罗森,东城区东城区革新南路2号院,
生活超市,昌平区史各庄街道朱辛庄新区10号楼底商05号,13121127882
京客隆（久隆百货店）,朝阳区酒仙桥路39号久隆百货B1楼,010-64356776
华冠超市（蓝腾店）,房山区燕山影剧院南侧,010-89342576
罗森便利店（菜市口店）,西城区菜市口大街1号院,13436895634
京客隆（双龙店）,朝阳区双龙南里204号楼1层,010-87315736
华联超市（方庄店）,丰台区横一条,010-56285967
永辉超市（将台西路店）,朝阳区将台西路上东8号北楼,4000601933
全家爱超市（崇文门店）,东城区崇文门外大街18号,
绿叶子超市（大兴机场店）,大兴区北京大兴国际机场航站楼国际到达1层S-AR01-010安检外,
便民超市,海淀区中关村东路105号,
永辉超市（朝丰家园店）,朝阳区朝阳区朝丰家园,4008005050
幸福荣耀超市（安宁庄店）,海淀区安宁庄东路18号清河商业城1楼,010-57172837
华联生活超市,西城区月坛南街甲12号万丰怡和商务会馆地下1层,010-68013085
永辉超市（搜秀城店）,东城区搜秀商城B1,13161699973
永辉超市,朝阳区广渠路66号底商,
罗森便利店,顺义区T3航站楼国内C26登机口对面,
物美大卖场,西城区马甸桥南新风街3号,010-82081129/62032447
永辉超市（房山绿源店）,房山区西潞南大街1号楼绿源商城,010-60334100
物美（金宝街店）,东城区建国门北大街金城建国5号地下一层,
世纪华联超市,东城区南岗子街甲58号西南60米,
物美（建外SOHO店）,朝阳区东三环中路39号建外SOHO西区14号楼1楼1466室（近国贸地铁站）,010-58697943
春辉超市,东城区安定门内大街124号,15701002003
超市,西城区人民大会堂西路53号,
超市发超市（新镇店）,房山区阎河路新镇手机大卖场旁,
生活超市,丰台区马家堡角门南路,
永辉超市（半壁店）,通州区梨园镇半壁店怡乐南街东段,010-56466300
华联生活超市,大兴区海子角南街,
沃尔玛超市（朝外店）,朝阳区朝阳门外大街12号,010-85612386
北京华联生活超市,昌平区回龙观西大街111号,010-80753389
北京华联生活超市,昌平区回龙观西大街111号,010-80753389
物美超市（北洼路二店）,海淀区北洼路32号院底商,
皖豫超市,大兴区青云店镇大东公社小区34号楼,010-80216351
华联超市（回龙观店）,昌平区龙锦三街东口（近龙锦苑东二区）,010-60788128
世纪华联超市（史东仪店）,通州区西集镇史东仪村99号,
物美大卖场（大兴店）,大兴区黄村兴丰南大街东侧86号（星城商厦对面）,010-69209797
永辉超市（朝丰家园店）,朝阳区朝阳区朝丰家园,4008005050
万家福超市,朝阳区新北路与顾家庄北大街交叉口东100米,
清真恩典超市,西城区西城区牛街东里一区,
嘉园超市,海淀区海淀区北坞嘉园南里,
超市发（海中市场店）,海淀区东南小区,010-62627391
罗森便利店,顺义区T3航站楼国内C26登机口对面,
永辉超市（房山绿源店）,房山区西潞南大街1号楼绿源商城,010-60334100
华冠超市,房山区石楼大街22号,010-63195781
物美超市（定福庄店）,朝阳区定福庄家园南里1号院9号楼1至2层,
天天超市,大兴区永兴路5号,010-61256898
永辉超市（新河路店）,门头沟区新河路,
永辉超市（通州万达店）,通州区新华西街58号万达广场B1层,010-50906135
BHG生活超市（安贞店）,朝阳区安贞西里五区4号华联商厦B1,010-64445604
万家生活超市（资和信百货店）,丰台区西四环南路1号资和信百货商场1层底商,13521904361/010-63726992
华联生活超市（天通西苑三区店）,昌平区太平庄北街天通西苑三区2号楼,13718753321
BHG生活超市（华联上地购物中心店）,海淀区农大南路1号院1号楼华联上地购物中心B1层,010-82771188
绿叶子超市（嘉里中心店）,朝阳区光华路1号嘉里商场B1,010-65088239
永辉超市（万科金域国际店）,昌平区回龙观村金域国际中心,010-62908288
华联超市,通州区通燕高速辅路与013县道交叉口旁,010-80543316
永辉超市mini,通州区乔庄商场东尚智儿童城楼下,
物美·多点超市（玉桥中路店）,通州区玉桥中路6号附近,
华润万家便利超市（白纸坊店）,西城区鸭子桥路1号院4号楼102号103号（近速8）,010-63388978
罗森便利店（菜市口店）,西城区菜市口大街1号院,13436895634
京客隆（京源店）,朝阳区新源街24号,010-64614706
永辉超市（世界村店）,通州区环景路18号B1层,010-52361626
物美大卖场（乐家店）,大兴区京良路10号乐家购物中心B1层,010-80255982
主食超市（红莲南路店）,西城区马莲道东街15号,15116975029
华联超市（新华大街店）,通州区吉祥园21号楼21-2号西侧第2间,15810369885
华联超市,通州区通燕高速辅路与013县道交叉口旁,010-80543316
物美超市,石景山区玉泉西里二区29号楼1层,
生活超市（玉泉路店）,石景山区玉泉路11号院35号楼35-1,15001156687
罗森便利店（菜市口店）,西城区菜市口大街1号院,13436895634
京客隆（京源店）,朝阳区新源街24号,010-64614706
永辉超市（世界村店）,通州区环景路18号B1层,010-52361626
物美大卖场（乐家店）,大兴区京良路10号乐家购物中心B1层,010-80255982
万家生活超市（资和信百货店）,丰台区西四环南路1号资和信百货商场1层底商,13521904361/010-63726992
沃尔玛购物广场（建国路店）,朝阳区建国路93号院万达广场B座地下一层,010-59603566
京客隆超市,朝阳区横街子1队20号（宏凯达钢材对面）,13716006962
世纪华联超市,朝阳区吕家营住宅小区门口中街西物业小区172号,17600715378
沃尔玛（五棵松分店）,海淀区西翠路5号今日家园B1层（上品折扣）,010-88288407/4008301366
711（北京INN店）,东城区南竹杆胡同6号楼一层东北角,010-58642171/17600926725
军瑞批发超市,房山区北关大街6号,
BHG生活超市（华联上地购物中心店）,海淀区农大南路1号院1号楼华联上地购物中心B1层,010-82771188
绿叶子超市（嘉里中心店）,朝阳区光华路1号嘉里商场B1,010-65088239
宏金霖超市,房山区房山区荣景家园,
绿叶子超市（通盈店）,朝阳区南三里屯路1号楼101内地下一层B1-19单元,010-57809024
生活超市,昌平区史各庄街道朱辛庄新区10号楼底商05号,13121127882
韩国超市（旺角购物广场店）,朝阳区湖光北街9号旺角购物广场1层,18610756666
大星发超市,密云区沙岭大街53-5号,
物美（水晶港生活广场店）,大兴区康庄路28号水晶港生活广场1层,4001016016
家乐福（四元桥购物中心店）,朝阳区四元桥宜居南路2号楼四元桥购物中心2层,010-64773800
进口商品超市,房山区房山区启航国际三期,
勇發百货超市,朝阳区金盏路与金榆路交叉口西,
超市,西城区西安门大街169号,
物美超市（燕化星城店）,房山区紫燕中路5号燕鹏星城商厦地上2层,4001016016
罗森（超市发华熙店）,海淀区复兴路69号华熙中心12号楼地下一层B1-16单元,15010650525
物美大卖场（门城店）,门头沟区门头沟城子东街1号,
福兰德超市（小店村店）,朝阳区贝贝佳幼儿园东北（金港南路南）,
永辉超市（康庄店）,大兴区枣园路28号院1号楼2层,4000601933
物美超市（龙湖长安天街店）,门头沟区新城东街17号院2号楼A馆-B1-Z01A馆-B3-Z01,010-69809363
物美超市,朝阳区北科创业大厦B1层,
优品悦家超市,西城区鼓楼西大街78号-2,
阳光超市,朝阳区八里庄东里39号楼东侧底商,13811636370
永辉超市（万科金域国际店）,昌平区回龙观村金域国际中心,010-62908288
天堂超市（五道口店）,海淀区五道口地铁旁东源大厦3层,18516966904
福兰德超市,朝阳区金盏路福海绿源连锁超市对面,
7-11（崇文门外大街店）,东城区崇文门外大街8号院1号楼1层102-03,
天堂超市（中关村店）,海淀区中关村大街49号,010-82888906/18518001869
家乐福（四元桥购物中心店）,朝阳区四元桥宜居南路2号楼四元桥购物中心2层,010-64773800
永辉超市（万达广场店）,丰台区南苑西路39号万达广场B1层,010-67985990
BHG生活超市（华联上地购物中心店）,海淀区农大南路1号院1号楼华联上地购物中心B1层,010-82771188
京客隆（双龙店）,朝阳区双龙南里204号楼1层,010-87315736
百世邻里生鲜超市（德茂街店）,大兴区德茂街18号院16幢-1层西-10、西-11,18301536836
华联超市（月季园店）,门头沟区滨河滨河霁月园3号楼106室,13661235319
京东便利店,丰台区黄陈路天伦锦城北门乙15号楼8号底商,13321163337
天堂超市（后海店）,西城区前海北沿13号会贤堂天堂超市（6号线B口出）,17611452359
家乐福（中关村广场店）,海淀区中关村大街中关村广场地下一层二层100080,010-51721589/13601312787
物美（水晶港生活广场店）,大兴区康庄路28号水晶港生活广场1层,4001016016
超市发（北京人家店）,昌平区二拨子新村,
永辉超市（世界村店）,通州区环景路18号B1层,010-52361626
7-11（亮马桥店）,朝阳区东方东路19号5号楼一层,010-85315296
大星发超市（顶秀美泉店）,怀柔区美泉商街甲904,010-69686178
北京特产超市,丰台区永外大街12号北京南站候车室,
点点超市,房山区阎村镇张庄工业园甲6号,
7-11（上地十街店）,海淀区上地东路1号院环洋大厦,13520522355
京客隆（大山子店）,朝阳区将台大山子北里1号楼甲1号,010-64373621
超市发（天通苑店）,昌平区太平庄东路天通苑东6区36号楼底商,010-84813561
华冠超市,房山区绿城百合公寓小区北区商业街5号商业楼一层,13810506352/13716493632
多点便利店（平西府地铁站站）,昌平区田园风光雅苑东区,15633566614
物美超市（南邵店）,昌平区南环南路路劲·世界城,010-69706684
点点超市,房山区阎村镇张庄工业园甲6号,
京客隆（大山子店）,朝阳区将台大山子北里1号楼甲1号,010-64373621
多点便利店（平西府地铁站站）,昌平区田园风光雅苑东区,15633566614
超市发（天通苑店）,昌平区太平庄东路天通苑东6区36号楼底商,010-84813561
物美超市（南邵店）,昌平区南环南路路劲·世界城,010-69706684
国泰超市（平谷店）,平谷区文化北街13号国泰百货地下一层,010-89994072
物美大卖场（云岗店）,丰台区云岗南区东里3号,4001016016
世纪华联超市,丰台区城南嘉园益城园11号楼1层1-103,13021941173
永辉超市（小红门店）,大兴区旧宫镇小红门路39号（近宣颐家园）,010-58310588
苏宁小店（上营东区店）,密云区上营东区19号楼1单元102,18518180327
华冠超市（金鑫园店）,房山区窦店镇金鑫苑小区2号商业楼3门（北京市房山区窦店镇金鑫苑小区2号商业楼3门）,010-80336128
7-11便利店,丰台区马家堡东路106号院1号楼月桂树酒店一层底商,010-53341382
9急送,海淀区建材城西路,4009192939
悠惠万家,东城区胡家园3号楼1层,010-64602030
便民超市,东城区天天家园1号楼1层101,18790436530
天堂超市（通州店）,通州区云景东路51号4层408（唱吧麦颂梨园店楼上）,18210818079
7-11（昌平东关店）,昌平区城北街道宁馨苑13号楼1至2层商3内一层,18600848987
7·ELEVEN（珠市口东大街北侧店）,东城区珠市口东大街19号1层西五号,18310057276
超市发（承泽苑）,门头沟区门头沟区承泽苑社区,010-60802955
物美超市（北七家店）,昌平区北七家镇的奥北宝迪酒店A区一层至三层,010-52858852
家乐福（隆华店）,顺义区站前街1号隆华购物中心2层,010-52947360
华欣超市（雅宝路店）,朝阳区外交部南街8号1层108C–1,18600813936
华冠超市（羊耳峪店）,房山区燕山羊耳峪,13911076027
便客超市,朝阳区东坝驹子房114号楼1层101,13691280014
双龙韩国超市（新华大街店）,通州区新华东街274-5号附近,13260380515
BHG生活超市（太阳宫凯德mall店）,朝阳区太阳宫中路12号太阳宫凯德MALL-B2楼（10号线太阳宫站）,010-84153833
永辉超市（龙旗广场店）,昌平区黄平路19号院龙旗购物中心底商NO.218（近文华路）,010-82540801
华联超市（紫竹桥店）,海淀区紫竹院甲32号,
华欣生活超市,海淀区4号楼一层101,13552086607
罗森（超市发华熙店）,海淀区复兴路69号华熙中心12号楼地下一层B1-16单元,15010650525
绿叶子超市（通盈店）,朝阳区南三里屯路1号楼101内地下一层B1-19单元,010-57809024
华冠超市（兴东大街店）,房山区城关街道兴东大街157号,010-69317478
绿叶子超市（通盈店）,朝阳区南三里屯路1号楼101内地下一层B1-19单元,010-57809024
全家便利店（学清路店）,海淀区学清路10号院1号楼A座1层106,010-62922518
永辉生活,石景山区鲁谷路远洋山水北区3号楼底商,010-63258188
永辉超市（西三旗店）,昌平区科星路霍营面粉厂附近（近东村家园，霍营地铁）,
京客隆便利店,大兴区黄村西大街169号,
京东便利店（枣园店）,大兴区枣园路枣园小区31号楼240号,13910429988
永辉超市（千禧街店）,丰台区千禧商业街B座（近西四环郑常庄）,010-88177981
物美品超市（白广路北口菜百地下一层）,西城区广安门内大街304号,
华欣超市（欢乐谷店）,朝阳区垡头西路18号商务楼,
华冠超市（欢乐城店）,房山区兴房大街38号华冠欢乐城1/2层,13911076027
家乐福（鲁谷店）,石景山区石景山路乙18号万达广场地下1层、0层,010-52990073
H 精品超市（延庆分店）,延庆区高塔街58-3号,4006266608
京客隆（双桥东路店）,朝阳区双桥东路甲10号零点特区B1-1层,010-65467075
华欣超市（三义庙店）,海淀区三义庙北8号楼福乐康家超市,18611896815
超市发（龙山华府店）,昌平区昌平区龙山华府南门东侧80米,010-50943688
永辉超市（喜隆多新国际店）,石景山区阜石路300号喜隆多新国际购物中心2层,010-88926612/4000601933
物美大卖场（太阳岛店）,石景山区石景山路31号盛景国际广场B1-2层,010-68924933
北京华联生活超市（印象城店）,海淀区翠微路12号印象城B1号,010-68281989
华联超市（花家地店）,朝阳区望京开发街道花家地南里9号楼,13301291123
永辉超市（龙旗广场店）,昌平区黄平路19号院龙旗购物中心底商NO.218（近文华路）,010-82540801
永辉超市（百子湾店）,朝阳区百子湾路15号大成国际中心（近金都杭城）,010-57859366
华欣生活超市（黄寺店）,西城区黄寺大街23号阳光丽景A栋一层1012-1013号,15811519085
AEON永旺超市（永旺国际北清路店）,昌平区北清路1号永旺国际商城购物中心1层,010-80700588
物美大卖场（北大地店）,丰台区西四环南路79号（北大地三里小区旁）,010-63890695
超市（贞观国际店）,大兴区大兴经海路七号院贞观国际2号楼102,15801677066
华联生活超市（尚峰尚水店）,海淀区白家瞳路温泉镇D28地块D2商业楼1层102（尚品园底商）,13681362315
友谊超市,海淀区北三环西路47号院友谊社区,13522960748
华联生活超市（亚运村店）,朝阳区安立路66号3号楼1层2-12室,15701002005
BHG生活超市（常营店）,朝阳区朝阳北路17号华联购物中心东区B1层,010-56857299
永辉超市（金泉广场店）,朝阳区大屯里318号金泉广场B1层,010-84855535
婕妮璐jennylou's进口超市（新城国际店）,朝阳区金桐西路新城国际17号楼1层101,010-65336791
BHG生活超市（太阳宫凯德mall店）,朝阳区太阳宫中路12号太阳宫凯德MALL-B2楼（10号线太阳宫站）,010-84153833
物美超市（物美北师大店）,海淀区学院南路北京师范大学乐育7号楼与8号楼之间,
双龙超市（紫南店）,朝阳区大柳树紫南家园108号华瀚商业中心A座,010-87350010
友谊超市,海淀区北三环西路47号院友谊社区,13522960748
便利蜂（远洋新天地一期）,门头沟区门头沟区远洋新天地2号楼一层125号,18618139140
华联生活超市（亚运村店）,朝阳区安立路66号3号楼1层2-12室,15701002005
雁栖超市,怀柔区怀柔雁栖湖中国科学院大学,
BHG生活超市（太阳宫凯德mall店）,朝阳区太阳宫中路12号太阳宫凯德MALL-B2楼（10号线太阳宫站）,010-84153833
世纪华联超市（西直门店）,西城区前半壁街甲21号附近,
华联超市,顺义区高丽营镇顺沙路25号1幢1层1-5室,15911146772
7FRESH生鲜超市（华宇时尚购物中心店）,海淀区中关村南大街2号华宇时尚购物中心B1层,010-51705538/010-51705539
永辉超市（住总万科广场店）,大兴区旧宫东西大街住总万科广场B1层,010-87141772/4000601933
超市发（上庄店）,海淀区海淀区上庄馨怡家园（海淀嘉郡）9号楼底商,
物美品超市（白广路北口菜百地下一层）,西城区广安门内大街304号,
家乐福（鲁谷店）,石景山区石景山路乙18号万达广场地下1层、0层,010-52990073
永辉超市（草桥店）,丰台区北甲地路10号院3号楼（近镇国寺北街）,010-59813213
便利蜂（天通北苑一区店）,昌平区立汤路天通北苑一区甲6号楼西南侧底商,4000001234
物美大卖场（鼓楼店）,密云区鼓楼南大街1号,010-69042677
超市,顺义区南法信大街118号院,
物美超市,昌平区天权路2号院,4001016016
京东便利店,朝阳区日坛北路17号院1号楼1层11010,15300282589
天堂超市（通州店）,通州区云景东路51号4层408（唱吧麦颂梨园店楼上）,18210818079
华联生活超市,海淀区北蜂窝中路8号（北蜂窝中路与信悦华庭路交叉口西南角）,17744498130
烟酒超市,朝阳区仰山路万科星园甲3号楼1层A4,13521159810
超市发超市（宝盛里店）,海淀区北五环外宝盛北里西区28号楼,010-62997546
物美大卖场（新隆店）,门头沟区新桥南大街18号,010-69842091
家乐福（中关村广场店）,海淀区中关村大街中关村广场地下一层二层100080,010-51721589/13601312787
南顶生鲜超市（南顶路店）,丰台区南顶路甲23号,010-67227763
物美便利超市（郭庄北里店）,东城区郭庄北里6-3号,
永辉超市（枫尚世纪奥莱店）,顺义区后沙峪镇裕民大街45号院枫尚世纪奥特莱斯购物广场B1层,010-80476562
超市发,海淀区太舟坞路水岸家园配套商业楼,010-62458929
兴杨盛超市（大槐树店）,怀柔区北京兴杨盛商贸有限公司（北京市怀柔区杨宋镇杨宋庄村430号）,18801417058
物美便利超市（星园店）,丰台区芳星园一区9号楼底商,010-67632387/67656327
婕妮璐jennylou's进口超市（新城国际店）,朝阳区金桐西路新城国际17号楼1层101,010-65336791
多点便利店（石景山医院店）,石景山区石景山路24号南楼一层底商1号,15801080717
永辉超市（枫尚世纪奥莱店）,顺义区后沙峪镇裕民大街45号院枫尚世纪奥特莱斯购物广场B1层,010-80476562
物美便利超市（天东店）,东城区天坛内东里1号（近天坛东门）,010-65112627
365烟酒便利超市,房山区窦店镇下坡店大窦路腾龙家园（一区）,
便利蜂(悦邻店）（悦邻店）,海淀区吴家场路1悦邻百姓生活广场,
烟酒超市,朝阳区仰山路万科星园甲3号楼1层A4,13521159810
点点超市（坨里南店）,房山区阎河路坨里南大街85号院,
婕妮王超市（优山店）,朝阳区建国门外大街17号友谊商店1层,010-52320126
家乐福（阳光新生活广场店）,通州区九棵树西路48号阳光新生活广场2层3层,010-51678902
永辉超市（马家堡店）,丰台区马家堡东路106号自然新天地A栋,010-87273695
首航超市（小东高地店）,丰台区东高地三栋前平房中段（三角地小区东）,010-88521094
华联生活超市（马甸店）,海淀区马甸换新西村5号楼北侧楼房一层,15811139196
罗森（大兴星牌共享际店）,大兴区兴业大街三段26号共享际一层L1001（三段）,15311867816
康乐超市,朝阳区日坛北路6号日坛公园西门附近,13521370211
物美大卖场（北大地店）,丰台区西四环南路79号（北大地三里小区旁）,010-63890695
超市（航天万源店）,大兴区旧宫镇旧宫西路93号3号楼1层,
物美大卖场（甘露园店）,朝阳区朝阳路甘露园4号楼1-3楼（近国美电器）,010-85738399
盒马鲜生,东城区东打磨厂街7号新活馆2层,010-67017802
世纪华联超市,通州区张家湾镇光华路57号1层01号,13161713920
世纪华联超市（红居街店）,西城区红居街4号楼1层105,15711087921
惠利元生活超市,丰台区西局玉园南区,
物美生活超市（航天部医院店）,石景山区玉泉路北丙19号（玉泉路西侧科大商场）,4001016016
吉祥服务部,海淀区中关村南大街5号北京理工大学校内,
家乐福（北京八里庄店）,朝阳区慈云寺北里118号楼1层101内、107、-1层-102内02,13681336978
大星发超市,密云区行宫小区10号楼,010-69686178
欧尚超市（西红门店）,大兴区欣宁街15号荟聚购物中心K区1层,010-52592288
永辉超市（合生世界村店）,通州区马驹桥镇,
华联生活超市,房山区房山北大街33号4幢,13581726467
永辉超市（天宫院店）,大兴区华佗路凯德广场B2层,010-61256987
沃尔玛山姆会员店（亦庄文化园东路店）,大兴区文化东路6号,010-67859228/67859229
711便利店（欢乐谷店）,朝阳区金蝉欢乐园2号院甲1号楼一层108-01-02的一部分,18513135832
华欣连锁超市（三元桥店）,朝阳区静安东里乙18号,15010606858
永辉超市（新世界百货顺义店）,顺义区新顺南大街18号新世界百货B1层,010-60406496
7-11（东坝中路一号店）,朝阳区东坝中路38号楼一层L101号,17611319871
世纪华联超市（五爱屯西街2800店）,丰台区南苑乡五爱屯西街飞腾家园3号院1号楼1单元101,13601293896/010-67936709
超市发,海淀区太舟坞路水岸家园配套商业楼,010-62458929
嘉园超市,海淀区西钓鱼台2号地5号楼A03号,010-68797974/18511381391
京客隆（连心园店）,朝阳区常营乡连心园小区一层,010-58234368
家园超市（太仆寺街店）,西城区太仆寺街34号商铺（红红烤鸭店旁）,17775256765
超市（良乡大学城店）,房山区学园北街26号院4号楼2层214,13910696337
华联生活超市,房山区琉璃河金水家园,010-60393297
佳家生活超市,门头沟区永定镇金沙西街19号院6号楼103、6号楼104,13269879898
便利蜂(悦邻店）（悦邻店）,海淀区吴家场路1悦邻百姓生活广场,
世纪华联超市,通州区张家湾镇光华路57号1层01号,13161713920
罗森（大兴星牌共享际店）,大兴区兴业大街三段26号共享际一层L1001（三段）,15311867816
盒马鲜生（大郊亭芳圆里店）,朝阳区东四环中路189号B1001,010-83050311
欧尚超市（西红门店）,大兴区欣宁街15号荟聚购物中心K区1层,010-52592288
永辉超市（温都水城店）,昌平区北七家镇郑各庄温都水城文化广场,010-59543136
烟酒茶超市,东城区炮局头条,
华源超市（北小营店）,昌平区马池口镇北小营村538-4号,18614099880
麦德龙（万泉河商场店）,海淀区新建宫门路1号（近海淀公园）,010-62869888
华联生活超市,通州区中上园物业处,13501167897
永辉超市（增光路店）,海淀区增光路45号（劳动关系学院东门北侧）,010-88562969
烟酒超市,大兴区黄村兴华大街,13552090691
华联生活超市,房山区房山北大街33号4幢,13581726467
多点便利店（石景山医院店）,石景山区石景山路24号南楼一层底商1号,15801080717
网络超市,海淀区中关村大街3号鼎好电子大厦4839号铺（近新中关购物中心）,
超市发,大兴区经济开发区科创十三街18号院2号楼1层,
世纪华联超市（环湖小镇店）,通州区张家湾镇西定福庄村商业楼20号,13439887955
物美大卖场（万源店）,丰台区万源北路航天万源广场1-3层,010-68198395
超市发,昌平区南邵中国铁建青秀尚城,
京鲜生超市,大兴区大兴区锦城商业中心底商,
罗森（东亚望京中心店）,朝阳区广顺北大街望京园401号楼1层2-109号（东亚望京中心大堂正门右侧底商）,
世纪华联超市（五爱屯西街2800店）,丰台区南苑乡五爱屯西街飞腾家园3号院1号楼1单元101,13601293896/010-67936709
华联生活超市,通州区中上园物业处,13501167897
网络超市,海淀区中关村大街3号鼎好电子大厦4839号铺（近新中关购物中心）,
京客隆（西红门路店）,大兴区西红门路6号（汉庭酒店旁）,010-67971986
便利蜂（远洋新天地一期）,门头沟区门头沟区远洋新天地2号楼一层125号,18618139140
沃尔玛购物广场（宣武店）,西城区宣武门外大街28号（崇光百货南）,010-63168905
物美大卖场（万源店）,丰台区万源北路航天万源广场1-3层,010-68198395
超市发,昌平区南邵中国铁建青秀尚城,
罗森（东亚望京中心店）,朝阳区广顺北大街望京园401号楼1层2-109号（东亚望京中心大堂正门右侧底商）,
华源超市,丰台区大红门东后街143号43栋101,13522128986
生鲜生活超市,大兴区大兴区珺悦国际,
世纪家家福连锁超市,昌平区沙河镇巩华城大街28号鑫之星农副产品零售市场南厅,13671251544
中海生活超市,朝阳区小红门乡成寿寺路东侧中海城圣朝菲小区M6号楼一层101室,17501016658
烟酒茶超市,朝阳区望京街道花家地南里9号楼底商,010-64756802
物美便利超市（香山南路店）,石景山区香山南路168号西山枫林,010-88774092
超市,大兴区天华街9号院10号楼1层101,15537616260
首航超市（南大红门店）,丰台区南大红门路梅园大厦1楼,010-68759175
麦德龙（十里河商场店）,朝阳区十里河建材一条街,010-87386888
新成街便利店（恒安店）,延庆区延庆县延庆镇新城街恒安小区3号楼北平房,010-61125906
京客隆（双桥东路店）,朝阳区双桥东路甲10号零点特区B1-1层,010-65467075
便利蜂（良乡拱辰大街33号店）,房山区拱辰街道良乡拱辰大街33号云柏鞋业大厦底商,13810658094
山姆会员商店（阜石路店）,石景山区阜石路158号（阜石路与时代花园东街交叉口西南角）,010-68889556/010-68889559
嘉园超市,海淀区西钓鱼台2号地5号楼A03号,010-68797974/18511381391
麦德龙（京顺路商场）,朝阳区京顺路111号（近太阳宫北街）,010-84556888
物美便利超市（星园店）,丰台区芳星园一区9号楼底商,010-67632387/67656327
家乐福（国展店）,朝阳区北三环东路乙6号（近国际展览中心）,010-52092530
福兰德超市,通州区宋庄任庄村,
沃尔玛超市（昌崔路店）,昌平区昌崔路203号（果岭假日广场）,010-80125937
永辉超市（鸿坤店）,大兴区西红门宏福路（欣旺大街）鸿坤理想城B1,010-59543136
7-11（航城广场店）,顺义区金穗路2号院6号楼1层103,
轻便利,朝阳区朝阳路传媒大学北门马路对面聚福苑2号楼底商,13263116694
华联生活超市,昌平区沙河镇能源东路1号院1号楼2层214、215,15210686591
便利蜂,顺义区顺义区怡馨家园,
家乐福（方圆店）,海淀区中关村南大街甲56号方园大厦B1-1楼,010-88362729/13810312353
谊品生鲜超市（北京长阳半岛店）,房山区长阳镇祥云街4号院7号楼101102103104105106号商铺,13195696289
世纪华联超市,延庆区北京市延庆区永宁镇兴阳线与拱辰街交叉路口西50米,
烟酒超市,海淀区翠微路4号3号楼一层12号,13371610379
7FRESH生鲜超市（华宇时尚购物中心店）,海淀区中关村南大街2号华宇时尚购物中心B1层,010-51705538/010-51705539
超市发超市（密云檀西店）,密云区檀西路东侧（长城环岛北）,010-69062453
菜鲜果美（亚运村店）,朝阳区安立路68号-1层11区内B1-180,010-64909009
新成街便利店（恒安店）,延庆区延庆县延庆镇新城街恒安小区3号楼北平房,010-61125906
罗森（科技经营管理学院店）,昌平区沙河镇丰善东北京科技经营管理学院一幢一层23-25号,18611983602
鑫康乐福超市,怀柔区怀柔北铁路小区对面,13126905298/010-69664419
轻便利,朝阳区朝阳路传媒大学北门马路对面聚福苑2号楼底商,13263116694
永辉超市（金宝PARK天阶店）,顺义区金宝PARK天阶,010-81486520
华联超市（花家地店）,朝阳区望京开发街道花家地南里9号楼,13301291123
物美生活超市（八角店）,石景山区八角西街北口甲6号（古城大街路口以东约180米路北）,010-68873843
7-11（镇国寺北街二号店）,丰台区草桥东路14号楼,13263274697
盒马鲜生（亚运村店）,朝阳区北辰东路8号,010-83050380
鲜果超市,昌平区北清路客到家美食城261号5幢502号,13439097913
7-11（航城广场店）,顺义区金穗路2号院6号楼1层103,
双龙超市（紫南店）,朝阳区大柳树紫南家园108号华瀚商业中心A座,010-87350010
点点超市（石窝镇石窝村富山酒店）,房山区石窝镇石窝村富山酒店前院,
喜友邻便利,西城区新街口南大街平安里地铁站,
福兰德超市,通州区宋庄任庄村,
Jenny Lou’s（三里屯店）,朝阳区三里屯北小街6号,010-64616928/64621396
家乐福（富贵园中心店）,东城区广渠门内大街35-7号富贵园购物中心2-3层,010-67125167
物美（北沙滩店）,朝阳区南沙滩66号院1号楼B1楼（北沙滩桥东）,010-64856498
家乐福（双井店）,朝阳区广渠路31号13711（双井桥东）,4008512512/010-51909509
全时汇超市,通州区宋庄镇小堡村,13366087320
魁缘超市,昌平区南一村扶京门路甲3号3排3号（南一村沙河医院东门）,13001002917
喜客多超市烟酒,通州区物资学院路99号,15510901160
D-MART超市（望京店）,朝阳区望京西园423号韩国城内,
阳光超市,石景山区鲁谷村7号楼底商,
永辉超市（天宫院店）,大兴区华佗路凯德广场B2层,010-61256987
康乐超市,朝阳区日坛北路6号日坛公园西门附近,13521370211
鲜果超市,昌平区北清路客到家美食城261号5幢502号,13439097913
佳得利超市,房山区窦店镇田家园小区南门东一层1号底商,13717608875
7ELEVEN（富力运河十号店）,通州区江米店街1号院4号楼1层106,13069421803
物美综合超市（右安门店）,丰台区右安门外大街99号华商科技大厦一楼,010-83550396
京朝烟酒超市,朝阳区百子湾东里403号楼1层102,13810664067
物美综合超市（贵友大厦店）,通州区云景东路1号贵友大厦地下1层,010-59754221
叮当智慧药房,东城区灯市口大街50号1号楼一层115室,4008802828
家乐福（凯德mall大峡谷店）,丰台区南三环西路16号凯德mall大峡谷B1层（右安南桥东南）,010-87570808
华源超市,昌平区北七家镇温都水城宏福苑3号楼,18710070972
家乐福（方庄店）,丰台区方庄芳城园二区15号（方庄环岛东北角旁）,010-52252900
超市,大兴区天华街9号院10号楼1层101,15537616260
舒客超市,顺义区顺义区国门智慧城,
锅圈食汇（常营店）,朝阳区常营中路1号院11-16号,
麦德龙（立水桥店）,朝阳区安立路3号,010-87486888
7FRESH生鲜超市（北京ONE店）,通州区中山大街59号,010-60533072
来故乡超市,朝阳区阜通西大街望京西园三区315号楼一层底商（近望京街）,010-64706841/64725910
多点便利店,丰台区菜户营东街60号,17800215381
罗森（超市发苏州街店）,海淀区海淀大街38号楼一层1-07,010-62559602
京客隆（石佛营店）,朝阳区石佛营小区西里圣派嘉华旁,010-85825056
华联生活超市（领秀硅谷店）,海淀区西二旗中路2号院东门外（近同仁堂药店 麦田地产）,010-62052331/15601315258
京美超市（延静里店）,朝阳区八里庄街道延静里中街乙5号,18911781906
世纪华联超市（金侨时代店）,通州区云景东里366号楼1层101,13717806783
世纪华联超市（邢各庄店）,通州区宋庄镇邢各庄路700号（宋粱路与政府路交叉口东100米）,13146331110
顺天府超市（国英店）,西城区西直门内大街国英园1号楼B1楼（近青年宫）,010-58561342/58561347
花满园超市,昌平区小汤山镇沙顺路79号1层109A,18701633341/15010042435
世纪华联超市,朝阳区东苇路康泰高科饮品（北京）有限公司斜对面,
世纪华联超市,朝阳区锦芳北街,010-64188042
大型综合超市,丰台区卢沟桥北北里城内街市场内,
D-MART超市（望京店）,朝阳区望京西园423号韩国城内,
阳光超市,石景山区鲁谷村7号楼底商,
家乐福（富贵园中心店）,东城区广渠门内大街35-7号富贵园购物中心2-3层,010-67125167
华联生活超市（上庄店）,海淀区上庄馨瑞嘉园1号楼1层4单元104,18937608785
超市,昌平区昌平镇东关南里小区26号楼4单元1-2层1号,13401004131
康乐超市,朝阳区日坛北路6号日坛公园西门附近,13521370211
福兰德超市,通州区宋庄任庄村,
家乐福（方庄店）,丰台区方庄芳城园二区15号（方庄环岛东北角旁）,010-52252900
物美综合超市（右安门店）,丰台区右安门外大街99号华商科技大厦一楼,010-83550396
鲜果超市,昌平区北清路客到家美食城261号5幢502号,13439097913
双龙超市（紫南店）,朝阳区大柳树紫南家园108号华瀚商业中心A座,010-87350010
京朝烟酒超市,朝阳区百子湾东里403号楼1层102,13810664067
叮当智慧药房,东城区灯市口大街50号1号楼一层115室,4008802828
家乐福（凯德mall大峡谷店）,丰台区南三环西路16号凯德mall大峡谷B1层（右安南桥东南）,010-87570808
华源超市,昌平区北七家镇温都水城宏福苑3号楼,18710070972
7FRESH生鲜超市（北京ONE店）,通州区中山大街59号,010-60533072
麦德龙（立水桥店）,朝阳区安立路3号,010-87486888
超市,大兴区天华街9号院10号楼1层101,15537616260
锅圈食汇（常营店）,朝阳区常营中路1号院11-16号,
舒客超市,顺义区顺义区国门智慧城,
华欣超市（三义庙店）,海淀区三义庙北8号楼福乐康家超市,18611896815
来故乡超市,朝阳区阜通西大街望京西园三区315号楼一层底商（近望京街）,010-64706841/64725910
多点便利店,丰台区菜户营东街60号,17800215381
罗森（超市发苏州街店）,海淀区海淀大街38号楼一层1-07,010-62559602
京客隆（石佛营店）,朝阳区石佛营小区西里圣派嘉华旁,010-85825056
华联生活超市（领秀硅谷店）,海淀区西二旗中路2号院东门外（近同仁堂药店 麦田地产）,010-62052331/15601315258
京美超市（延静里店）,朝阳区八里庄街道延静里中街乙5号,18911781906
世纪华联超市（金侨时代店）,通州区云景东里366号楼1层101,13717806783
世纪华联超市（邢各庄店）,通州区宋庄镇邢各庄路700号（宋粱路与政府路交叉口东100米）,13146331110
顺天府超市（国英店）,西城区西直门内大街国英园1号楼B1楼（近青年宫）,010-58561342/58561347
花满园超市,昌平区小汤山镇沙顺路79号1层109A,18701633341/15010042435
世纪华联超市,朝阳区东苇路康泰高科饮品（北京）有限公司斜对面,
世纪华联超市,朝阳区锦芳北街,010-64188042
大型综合超市,丰台区卢沟桥北北里城内街市场内,
华联生活超市No.6977,昌平区天通苑西三区北门2号楼,18811712586/010-52495190
京客隆（亦庄店）,大兴区亦庄镇贵园小区路西2号,010-67887367
多点便利店（立军路店）,昌平区东小口镇佳运园26号楼1层112,17732296304
京客隆（金顶街店）,石景山区金顶路便民小店西30米,010-88734587
京客隆（望京店）,朝阳区湖光北街南湖中园一区211号楼（近南湖北路）,010-64758592
德露苑得利商店,门头沟区德露苑路,
京客隆（龙旺庄店）,通州区永顺镇龙旺庄村（近金石滩大连海鲜农家菜）,010-89512538
松鼠便利（万芳园二区店）,丰台区花乡万芳园二期10号楼底107,18600905635
物美（小屯路店）,丰台区小屯路6号,010-57222054
便利蜂,昌平区黄平路七北路42号院2号楼1层108号,010-61845867
酒便利（增光路店）,海淀区增光路27号院3号楼27-8西侧,010-56255965
京客隆（枣营南里路店）,朝阳区麦子店枣营南里10号楼,010-65074383
同日升粮行（北新桥店）,东城区雍和宫大街54号,010-64035783
名创优品（北京首地家乐福店）,丰台区南三环西路16号院1号楼NSH-B,
7-11（东城区东四南大街店）,东城区东四南大街1号1幢1层103,010-64213960
LAWSON,海淀区羊坊店路16号,
7-11（南湖南路店）,朝阳区望京南湖南路16号院4号楼103,010-64727931
悠惠万家（蟠桃宫店）,东城区崇文门东大街东花市北里西区8号楼底商,13521893006
多点便利店（海淀黄庄店）,海淀区双榆树北路57号,
好邻居,海淀区安宁庄东路18号21号、22号平房,13020027978
物美（杜家坎店）,丰台区周口店路杜家坎环岛北侧集美家具B1楼,010-83868542
永辉超市（垡头店）,朝阳区垡头翠成馨园甲401号（近垡头中学）,010-56350599
永辉超市（东星时尚广场店）,朝阳区双桥路3号东星时尚广场1层,010-59769891
7FRESH生鲜超市（大族广场店）,大兴区荣华南路2号大族广场购物中心1层,010-67865671
精致超市（新奥购物中心店）,朝阳区湖景东路11号新奥购物中心B2层,
首航超市,丰台区丰台北路甲79号首航生活广场二层,010-83653660
物美超市（三里河店）,西城区三里河东路一区5-6号（国家工商总局对面）,
盒马mini（和平里店）,东城区和平里东街22号,010-83050353
福兰德超市,大兴区树桥十一号大院东南（树桥路西）,
超市,昌平区京表大厦,
超市,通州区宋庄镇平疃路,
勇發百货超市,朝阳区金盏路与金榆路交叉口西,
天天超市,通州区玉桥北里41号楼2-1室,13021208170
世纪家家福连锁超市,丰台区朱家坟三里9号,010-83842773
便利蜂,西城区华远北街2号,010-61845867
超市发（会城门店）,海淀区铁道部羊坊店住宅区,010-51932036
万家惠超市,朝阳区高碑店乡陈家林临8号都市家公寓A106,17701021997
华源超市（十八里店店）,朝阳区十八里店桥与南四环东路交叉口南150米,18638716193
超市发（唐家岭店）,海淀区友谊路农村商业银行旁,010-82177452
大星发超市（豫皖朋店）,密云区学府花园2-11号,010-69686178
烟酒超市（新源里店）,朝阳区新源里14号,13522508566
永辉超市（台湖泰禾店）,通州区站前街南四街与通马路交叉口麦当劳楼下,010-80823733
罗森（超市发高梁桥店）,海淀区高梁桥斜街42号院1号楼1层,13011105083
便利蜂（金关北二街店）,顺义区金关北二街3号院4号楼1层103-2-101的房屋,4000001234
便利蜂,房山区南大街12号,
罗森便利,朝阳区东土城路14号建达大厦一层右手边,
飞牛便利（看丹桥店）,丰台区看丹路4号院甲6号,17610100089
便利蜂（用友路店）,海淀区用友产业园北清路68号院2号楼一层,13031182745
京东便利店（伟华兴业超市店）,西城区马莲道东街2号院1,13488831929
盒马mini（和平里店）,东城区和平里东街22号,010-83050353
福兰德超市,大兴区树桥十一号大院东南（树桥路西）,
超市,昌平区京表大厦,
超市,通州区宋庄镇平疃路,
勇發百货超市,朝阳区金盏路与金榆路交叉口西,
超市,西城区西安门大街169号,
超市,海淀区树村路中电华晶酒店一层,
超市,海淀区6国道辅路,17501093195
宜家超市,房山区阎村镇燕东路7号,13501185564
超市,房山区绿地,13581829074
天堂超市Heaven Supermarket,海淀区华清嘉园(荷清路)12-12号,
福兰德超市,通州区宋梁路虫子美术对面,13911390147
福兰德超市,顺义区铁匠营村铁兴西街12号,15311777518
万家乐超市,朝阳区顺白路三秦面馆旁,
福兰德超市,通州区东西垡路西垡村290号,
蔬菜盒子便利店,大兴区黄村镇孙村首创悦都汇底商3区1层3105,15300330366
松鼠便利（长安小区店）,密云区密云镇清真南巷1号,15510559798
物美（紫竹桥店）,海淀区紫竹院路华澳中心地下,
华欣便利店（周庄店）,朝阳区周庄嘉园南里1号楼1层,15710003581
卜蜂莲花（通州店）,通州区运河东大街58号,010-81555607
京东便利店,通州区玉带河东街229号,18101072082
多点便利,东城区体育馆路2号,010-10100818
便利蜂,昌平区农学院北路9号院三区15号楼1层1号,17631001693
京客隆（永安路店）,西城区天桥仁寿路5号（友谊医院门诊楼对面）,010-63038176
7-11（朝阳武圣北路店）,朝阳区武圣北路6号院号楼一层西侧,010-67774119
7-11（左家庄路国门大厦店）,朝阳区左家庄1号国门大厦B座一层,010-64672577
京东便利店,大兴区黄村镇双河北里41号楼1层02商铺,13716568594
顺丰优选,朝阳区管庄双桥东路12号院1号楼,
同兴成,西城区护国寺街48号,
物美大卖场（西关店）,昌平区政府街西路2号（西关环岛东南角）,010-60719336
好邻居（丰盛胡同店）,西城区西四南大街111号,4006618381
131便利店（住邦店）,朝阳区八里庄住邦2000商务中心底商1层,
BHG生活超市（华联万柳购物中心店）,海淀区巴沟路2号华联万柳购物中心B1层,010-82589368
BHG 生活超市（五道口店）,海淀区成府路28号五道口购物中心B1楼（近五道口地铁站）,010-62666205
麦德龙（十里河商场店）,朝阳区十里河建材一条街,010-87386888
711便利店（金地广场店）,朝阳区建国路91号金地广场地下一层,010-65924252
酒便利（常营店）,朝阳区常营中路2号院甲2号楼1层9号,010-57920337
京佰佳便利店（大地店）,朝阳区金家村中街9号大地时尚文化创意园1层,18601680835
京东便利店,海淀区雪芳里一楼底商,
京客隆（红松园店）,朝阳区红松园北里16号,010-65494985
宜家超市,房山区阎村镇燕东路7号,13501185564
盒马mini（和平里店）,东城区和平里东街22号,010-83050353
福兰德超市,大兴区树桥十一号大院东南（树桥路西）,
福兰德超市,顺义区铁匠营村铁兴西街12号,15311777518
万家乐超市,朝阳区顺白路三秦面馆旁,
超市,昌平区京表大厦,
超市,通州区宋庄镇平疃路,
多点便利（金隅嘉华C座店）,海淀区上地三街9号C座C-18、C-19、C-20,13681495006
优布劳精酿鲜扎闪送（方庄店）,丰台区南二环芳城园一区10号楼南侧底商,15801158312
多点便利（南横东街店）,西城区南横东街1-22,
多点便利店（毛纺路店）,海淀区清河毛纺路清河供应站7幢1层109号,13720019530
多点便利店（学院路店）,海淀区学院路31号1幢A段1层101,13301243713
京东便利店（椿楸嘉园店）,海淀区双槐树嘉园1号楼底商大门西第二间,13810783811
奥北内蒙特产尚品牛肉干,朝阳区汤立路201号院5号楼2层E-232室,13910110143
易达便利,顺义区怡馨家园20号楼02,15711202069
便利蜂,东城区朝阳门内南小街20楼,
罗森（兴创国际中心4区店）,大兴区欣雅街16号院7号楼1层104室,13522711472
青岛精酿鲜啤（西四店）,西城区西四北大街214号,18514548585
多点便利（新华北路店）,通州区盐滩路北皇木厂街2号院1号楼1层1-11,15001262581
便利蜂,大兴区天宝南街4号,
便利蜂,石景山区古城金融街·长安中心,
便利蜂（灯市口大街57号店）,东城区灯市口大街57号,4000001234
盒马mini（和平里店）,东城区和平里东街22号,010-83050353
福兰德超市,大兴区树桥十一号大院东南（树桥路西）,
超市,昌平区京表大厦,
超市,通州区宋庄镇平疃路,
勇發百货超市,朝阳区金盏路与金榆路交叉口西,
超市,西城区西安门大街169号,
超市,海淀区树村路中电华晶酒店一层,
超市,海淀区6国道辅路,17501093195
宜家超市,房山区阎村镇燕东路7号,13501185564
超市,房山区绿地,13581829074
天堂超市Heaven Supermarket,海淀区华清嘉园(荷清路)12-12号,
福兰德超市,通州区宋梁路虫子美术对面,13911390147
福兰德超市,顺义区铁匠营村铁兴西街12号,15311777518
万家乐超市,朝阳区顺白路三秦面馆旁,
福兰德超市,通州区东西垡路西垡村290号,
家乐福（大钟寺广场店）,海淀区北三环西路中坤广场地下二层（近地铁13号线大钟寺站）,010-52963298
瑞丰超市,昌平区土楼早市菜市场,
便利蜂,昌平区府学路2号（阳光商厦斜对面）,
LAWSON,海淀区学清路8号,
多点便利店（霄云路店）,朝阳区霄云路28号院2号楼1层107,15729301179
香顺亿商店,海淀区香山买卖街中段,
LAWSON罗森,东城区革新南路2号院北门西侧1号-1,
多点便利店（吴家场路店）,丰台区莲花池西里26号院1号楼一层125,13241663891
便利蜂（通燕高速辅路店）,通州区通燕高速辅路,
便利蜂（龙湖长安天街店）,门头沟区门头沟区永定长安天街（龙湖长安天街）,
LAWSON罗森（国盛凯恒中心店）,东城区大街2号,
便利蜂（国信大厦）,门头沟区双峪路5号,
公主楼二层餐厅商品部,海淀区中国农业大学东校区公主楼二楼东侧,
盒马mini（和平里店）,东城区和平里东街22号,010-83050353
福兰德超市,大兴区树桥十一号大院东南（树桥路西）,
超市,昌平区京表大厦,
超市,通州区宋庄镇平疃路,
勇發百货超市,朝阳区金盏路与金榆路交叉口西,
超市,西城区西安门大街169号,
超市,海淀区树村路中电华晶酒店一层,
超市,海淀区6国道辅路,17501093195
宜家超市,房山区阎村镇燕东路7号,13501185564
超市,房山区绿地,13581829074
天堂超市Heaven Supermarket,海淀区华清嘉园(荷清路)12-12号,
福兰德超市,通州区宋梁路虫子美术对面,13911390147
福兰德超市,顺义区铁匠营村铁兴西街12号,15311777518
万家乐超市,朝阳区顺白路三秦面馆旁,
福兰德超市,通州区东西垡路西垡村290号,
家乐福（大钟寺广场店）,海淀区北三环西路中坤广场地下二层（近地铁13号线大钟寺站）,010-52963298
瑞丰超市,昌平区土楼早市菜市场,
主食超市（红莲南路店）,西城区马莲道东街15号,15116975029
首航超市,大兴区育新花园北里,
物美超市（华贸城店）,朝阳区清河营南街7号院3号楼地下一层,010-88681600
烟酒超市,东城区东华门大街3号,
永辉超市（中粮万科长阳半岛店）,房山区长阳镇长阳路中粮万科长阳半岛广场B1层（房山长阳地铁站向西200米）,010-89375434
永辉超市（绿地缤纷城店）,房山区天星街1号院7号楼绿地缤纷城B1层,010-52808776
永辉超市（清河店）,海淀区清河龙岗路51号清润家园小区底商,010-61199166
吉祥超市,海淀区小太阳双语幼儿园东（温泉路南）,
鑫鑫超市（首都机场辅路店）,朝阳区崔各庄乡草场地村41号,18514662266
华联超市,朝阳区雅成三里18-112号,010-57021890
华冠超市（水碾屯店）,房山区阜盛大街水碾屯西里内,010-69360687
华联超市,朝阳区花园闸北里12号楼底商102室,13661258939
盒马mini（和平里店）,东城区和平里东街22号,010-83050353
福兰德超市,大兴区树桥十一号大院东南（树桥路西）,
超市,昌平区京表大厦,
超市,通州区宋庄镇平疃路,
勇發百货超市,朝阳区金盏路与金榆路交叉口西,
超市,西城区西安门大街169号,
超市,海淀区树村路中电华晶酒店一层,
超市,海淀区6国道辅路,17501093195
宜家超市,房山区阎村镇燕东路7号,13501185564
超市,房山区绿地,13581829074
天堂超市Heaven Supermarket,海淀区华清嘉园(荷清路)12-12号,
福兰德超市,通州区宋梁路虫子美术对面,13911390147
福兰德超市,顺义区铁匠营村铁兴西街12号,15311777518
万家乐超市,朝阳区顺白路三秦面馆旁,
福兰德超市,通州区东西垡路西垡村290号,
家乐福（大钟寺广场店）,海淀区北三环西路中坤广场地下二层（近地铁13号线大钟寺站）,010-52963298
瑞丰超市,昌平区土楼早市菜市场,
主食超市（红莲南路店）,西城区马莲道东街15号,15116975029
首航超市,大兴区育新花园北里,
物美超市（华贸城店）,朝阳区清河营南街7号院3号楼地下一层,010-88681600
烟酒超市,东城区东华门大街3号,
物美超市（酒仙桥店）,朝阳区酒仙桥路甲4号宏源大厦,
大脚超市,昌平区书画山风景区西,
福兰德超市（小店村店）,朝阳区贝贝佳幼儿园东北（金港南路南）,
世纪华联超市（天宫院店）,大兴区天水大街46号院1,010-50984552/13522796639
世纪华联超市（采育店）,大兴区育兴苑19号,
生活超市,海淀区北坞嘉园北里茶棚路469号附近,13552375754
超市发连锁超市（楼台店）,顺义区天竺镇楼台村幸福西街10号,18210663202
华欣超市（金顶街店）,石景山区金顶街二区商业用房68号楼一层08号,18910311360/13120066699
乐购超市,大兴区林校路,
家乐福（慈云寺店）,朝阳区东四环中路39号华业国际中心底商（慈云寺桥西北）,010-51005702
大润发（民族园店）,朝阳区民族园路2号唐人街购物广场2层,010-51994538
盒马mini（和平里店）,东城区和平里东街22号,010-83050353
福兰德超市,大兴区树桥十一号大院东南（树桥路西）,
超市,昌平区京表大厦,
超市,通州区宋庄镇平疃路,
勇發百货超市,朝阳区金盏路与金榆路交叉口西,
超市,西城区西安门大街169号,
超市,海淀区树村路中电华晶酒店一层,
超市,海淀区6国道辅路,17501093195
宜家超市,房山区阎村镇燕东路7号,13501185564
超市,房山区绿地,13581829074
天堂超市Heaven Supermarket,海淀区华清嘉园(荷清路)12-12号,
福兰德超市,通州区宋梁路虫子美术对面,13911390147
福兰德超市,顺义区铁匠营村铁兴西街12号,15311777518
万家乐超市,朝阳区顺白路三秦面馆旁,
福兰德超市,通州区东西垡路西垡村290号,
家乐福（大钟寺广场店）,海淀区北三环西路中坤广场地下二层（近地铁13号线大钟寺站）,010-52963298
瑞丰超市,昌平区土楼早市菜市场,
主食超市（红莲南路店）,西城区马莲道东街15号,15116975029
首航超市,大兴区育新花园北里,
物美超市（华贸城店）,朝阳区清河营南街7号院3号楼地下一层,010-88681600
烟酒超市,东城区东华门大街3号,
物美超市（酒仙桥店）,朝阳区酒仙桥路甲4号宏源大厦,
大脚超市,昌平区书画山风景区西,
福兰德超市（小店村店）,朝阳区贝贝佳幼儿园东北（金港南路南）,
京东便利店·平利超市,昌平区城北街道北环路北城根小区20号楼底商,18210673038/18801328133
优家选生活超市,通州区东石东四路2号院6号楼1层101,17310402696/18655555289
盒马mini（和平里店）,东城区和平里东街22号,010-83050353
福兰德超市,大兴区树桥十一号大院东南（树桥路西）,
超市,昌平区京表大厦,
超市,通州区宋庄镇平疃路,
勇發百货超市,朝阳区金盏路与金榆路交叉口西,
超市,西城区西安门大街169号,
超市,海淀区树村路中电华晶酒店一层,
超市,海淀区6国道辅路,17501093195
宜家超市,房山区阎村镇燕东路7号,13501185564
超市,房山区绿地,13581829074
天堂超市Heaven Supermarket,海淀区华清嘉园(荷清路)12-12号,
福兰德超市,通州区宋梁路虫子美术对面,13911390147
福兰德超市,顺义区铁匠营村铁兴西街12号,15311777518
万家乐超市,朝阳区顺白路三秦面馆旁,
福兰德超市,通州区东西垡路西垡村290号,
家乐福（大钟寺广场店）,海淀区北三环西路中坤广场地下二层（近地铁13号线大钟寺站）,010-52963298
瑞丰超市,昌平区土楼早市菜市场,
主食超市（红莲南路店）,西城区马莲道东街15号,15116975029
首航超市,大兴区育新花园北里,
物美超市（华贸城店）,朝阳区清河营南街7号院3号楼地下一层,010-88681600
烟酒超市,东城区东华门大街3号,
物美超市（酒仙桥店）,朝阳区酒仙桥路甲4号宏源大厦,
大脚超市,昌平区书画山风景区西,
福兰德超市（小店村店）,朝阳区贝贝佳幼儿园东北（金港南路南）,
阳光超市,朝阳区顺白路奶西村东方神娃双语幼儿园旁,
天客隆超市（永定路店）,海淀区永定路70号551楼,
华联超市,海淀区北辛庄路西150米,
阳光超市,石景山区鲁谷村7号楼底商,
D-MART超市（望京店）,朝阳区望京西园423号韩国城内,
双桥超市发,朝阳区东三环南路辅路与广渠路外大街交叉口南行200米路西,18310177868
盒马mini（和平里店）,东城区和平里东街22号,010-83050353
福兰德超市,大兴区树桥十一号大院东南（树桥路西）,
超市,昌平区京表大厦,
超市,通州区宋庄镇平疃路,
勇發百货超市,朝阳区金盏路与金榆路交叉口西,
超市,西城区西安门大街169号,
超市,海淀区树村路中电华晶酒店一层,
超市,海淀区6国道辅路,17501093195
宜家超市,房山区阎村镇燕东路7号,13501185564
超市,房山区绿地,13581829074
天堂超市Heaven Supermarket,海淀区华清嘉园(荷清路)12-12号,
福兰德超市,通州区宋梁路虫子美术对面,13911390147
福兰德超市,顺义区铁匠营村铁兴西街12号,15311777518
万家乐超市,朝阳区顺白路三秦面馆旁,
福兰德超市,通州区东西垡路西垡村290号,
家乐福（大钟寺广场店）,海淀区北三环西路中坤广场地下二层（近地铁13号线大钟寺站）,010-52963298
瑞丰超市,昌平区土楼早市菜市场,
主食超市（红莲南路店）,西城区马莲道东街15号,15116975029
首航超市,大兴区育新花园北里,
物美超市（华贸城店）,朝阳区清河营南街7号院3号楼地下一层,010-88681600
烟酒超市,东城区东华门大街3号,
物美超市（酒仙桥店）,朝阳区酒仙桥路甲4号宏源大厦,
大脚超市,昌平区书画山风景区西,
福兰德超市（小店村店）,朝阳区贝贝佳幼儿园东北（金港南路南）,
阳光超市,朝阳区顺白路奶西村东方神娃双语幼儿园旁,
天客隆超市（永定路店）,海淀区永定路70号551楼,
华联超市,海淀区北辛庄路西150米,
阳光超市,石景山区鲁谷村7号楼底商,
D-MART超市（望京店）,朝阳区望京西园423号韩国城内,
双桥超市发,朝阳区东三环南路辅路与广渠路外大街交叉口南行200米路西,18310177868
尚京生活超市,石景山区鲁谷南路29-9号,
欣悦诚洁超市,顺义区二十里堡路与幸福路交叉口西南100米月如公寓,
福兰德超市,大兴区树桥十一号大院东南（树桥路西）,
超市,昌平区京表大厦,
超市,通州区宋庄镇平疃路,
勇發百货超市,朝阳区金盏路与金榆路交叉口西,
超市,西城区西安门大街169号,
超市,海淀区树村路中电华晶酒店一层,
超市,海淀区6国道辅路,17501093195
宜家超市,房山区阎村镇燕东路7号,13501185564
超市,房山区绿地,13581829074
天堂超市Heaven Supermarket,海淀区华清嘉园(荷清路)12-12号,
福兰德超市,通州区宋梁路虫子美术对面,13911390147
福兰德超市,顺义区铁匠营村铁兴西街12号,15311777518
万家乐超市,朝阳区顺白路三秦面馆旁,
福兰德超市,通州区东西垡路西垡村290号,
家乐福（大钟寺广场店）,海淀区北三环西路中坤广场地下二层（近地铁13号线大钟寺站）,010-52963298
瑞丰超市,昌平区土楼早市菜市场,
主食超市（红莲南路店）,西城区马莲道东街15号,15116975029
首航超市,大兴区育新花园北里,
物美超市（华贸城店）,朝阳区清河营南街7号院3号楼地下一层,010-88681600
烟酒超市,东城区东华门大街3号,
物美超市（酒仙桥店）,朝阳区酒仙桥路甲4号宏源大厦,
大脚超市,昌平区书画山风景区西,
福兰德超市（小店村店）,朝阳区贝贝佳幼儿园东北（金港南路南）,
阳光超市,朝阳区顺白路奶西村东方神娃双语幼儿园旁,
天客隆超市（永定路店）,海淀区永定路70号551楼,
华联超市,海淀区北辛庄路西150米,
阳光超市,石景山区鲁谷村7号楼底商,
D-MART超市（望京店）,朝阳区望京西园423号韩国城内,
双桥超市发,朝阳区东三环南路辅路与广渠路外大街交叉口南行200米路西,18310177868
尚京生活超市,石景山区鲁谷南路29-9号,
欣悦诚洁超市,顺义区二十里堡路与幸福路交叉口西南100米月如公寓,
福兰德连锁超市（刘村店）,大兴区团桂路29号,
超市,昌平区京表大厦,
超市,通州区宋庄镇平疃路,
勇發百货超市,朝阳区金盏路与金榆路交叉口西,
超市,西城区西安门大街169号,
超市,海淀区树村路中电华晶酒店一层,
超市,海淀区6国道辅路,17501093195
宜家超市,房山区阎村镇燕东路7号,13501185564
超市,房山区绿地,13581829074
天堂超市Heaven Supermarket,海淀区华清嘉园(荷清路)12-12号,
福兰德超市,通州区宋梁路虫子美术对面,13911390147
福兰德超市,顺义区铁匠营村铁兴西街12号,15311777518
万家乐超市,朝阳区顺白路三秦面馆旁,
福兰德超市,通州区东西垡路西垡村290号,
家乐福（大钟寺广场店）,海淀区北三环西路中坤广场地下二层（近地铁13号线大钟寺站）,010-52963298
瑞丰超市,昌平区土楼早市菜市场,
主食超市（红莲南路店）,西城区马莲道东街15号,15116975029
首航超市,大兴区育新花园北里,
物美超市（华贸城店）,朝阳区清河营南街7号院3号楼地下一层,010-88681600
烟酒超市,东城区东华门大街3号,
物美超市（酒仙桥店）,朝阳区酒仙桥路甲4号宏源大厦,
大脚超市,昌平区书画山风景区西,
福兰德超市（小店村店）,朝阳区贝贝佳幼儿园东北（金港南路南）,
阳光超市,朝阳区顺白路奶西村东方神娃双语幼儿园旁,
天客隆超市（永定路店）,海淀区永定路70号551楼,
华联超市,海淀区北辛庄路西150米,
阳光超市,石景山区鲁谷村7号楼底商,
D-MART超市（望京店）,朝阳区望京西园423号韩国城内,
双桥超市发,朝阳区东三环南路辅路与广渠路外大街交叉口南行200米路西,18310177868
尚京生活超市,石景山区鲁谷南路29-9号,
欣悦诚洁超市,顺义区二十里堡路与幸福路交叉口西南100米月如公寓,
福兰德连锁超市（刘村店）,大兴区团桂路29号,
家佳超市,朝阳区马各庄路福林家常菜旁,
勇發百货超市,朝阳区金盏路与金榆路交叉口西,
超市,西城区西安门大街169号,
超市,海淀区树村路中电华晶酒店一层,
超市,海淀区6国道辅路,17501093195
宜家超市,房山区阎村镇燕东路7号,13501185564
超市,房山区绿地,13581829074
天堂超市Heaven Supermarket,海淀区华清嘉园(荷清路)12-12号,
福兰德超市,通州区宋梁路虫子美术对面,13911390147
福兰德超市,顺义区铁匠营村铁兴西街12号,15311777518
万家乐超市,朝阳区顺白路三秦面馆旁,
福兰德超市,通州区东西垡路西垡村290号,
家乐福（大钟寺广场店）,海淀区北三环西路中坤广场地下二层（近地铁13号线大钟寺站）,010-52963298
瑞丰超市,昌平区土楼早市菜市场,
主食超市（红莲南路店）,西城区马莲道东街15号,15116975029
首航超市,大兴区育新花园北里,
物美超市（华贸城店）,朝阳区清河营南街7号院3号楼地下一层,010-88681600
烟酒超市,东城区东华门大街3号,
物美超市（酒仙桥店）,朝阳区酒仙桥路甲4号宏源大厦,
大脚超市,昌平区书画山风景区西,
福兰德超市（小店村店）,朝阳区贝贝佳幼儿园东北（金港南路南）,
阳光超市,朝阳区顺白路奶西村东方神娃双语幼儿园旁,
天客隆超市（永定路店）,海淀区永定路70号551楼,
华联超市,海淀区北辛庄路西150米,
阳光超市,石景山区鲁谷村7号楼底商,
D-MART超市（望京店）,朝阳区望京西园423号韩国城内,
双桥超市发,朝阳区东三环南路辅路与广渠路外大街交叉口南行200米路西,18310177868
尚京生活超市,石景山区鲁谷南路29-9号,
欣悦诚洁超市,顺义区二十里堡路与幸福路交叉口西南100米月如公寓,
福兰德连锁超市（刘村店）,大兴区团桂路29号,
家佳超市,朝阳区马各庄路福林家常菜旁,
华联便利超市,朝阳区西北门村西门街56号-2室,
小厮吃货懒人美食超市,通州区玉带河东街甲338号,13269152808
超市,海淀区6国道辅路,17501093195
宜家超市,房山区阎村镇燕东路7号,13501185564
超市,房山区绿地,13581829074
天堂超市Heaven Supermarket,海淀区华清嘉园(荷清路)12-12号,
福兰德超市,通州区宋梁路虫子美术对面,13911390147
福兰德超市,顺义区铁匠营村铁兴西街12号,15311777518
万家乐超市,朝阳区顺白路三秦面馆旁,
福兰德超市,通州区东西垡路西垡村290号,
家乐福（大钟寺广场店）,海淀区北三环西路中坤广场地下二层（近地铁13号线大钟寺站）,010-52963298
瑞丰超市,昌平区土楼早市菜市场,
主食超市（红莲南路店）,西城区马莲道东街15号,15116975029
首航超市,大兴区育新花园北里,
物美超市（华贸城店）,朝阳区清河营南街7号院3号楼地下一层,010-88681600
烟酒超市,东城区东华门大街3号,
物美超市（酒仙桥店）,朝阳区酒仙桥路甲4号宏源大厦,
大脚超市,昌平区书画山风景区西,
福兰德超市（小店村店）,朝阳区贝贝佳幼儿园东北（金港南路南）,
阳光超市,朝阳区顺白路奶西村东方神娃双语幼儿园旁,
天客隆超市（永定路店）,海淀区永定路70号551楼,
华联超市,海淀区北辛庄路西150米,
阳光超市,石景山区鲁谷村7号楼底商,
D-MART超市（望京店）,朝阳区望京西园423号韩国城内,
双桥超市发,朝阳区东三环南路辅路与广渠路外大街交叉口南行200米路西,18310177868
尚京生活超市,石景山区鲁谷南路29-9号,
欣悦诚洁超市,顺义区二十里堡路与幸福路交叉口西南100米月如公寓,
福兰德连锁超市（刘村店）,大兴区团桂路29号,
家佳超市,朝阳区马各庄路福林家常菜旁,
华联便利超市,朝阳区西北门村西门街56号-2室,
小厮吃货懒人美食超市,通州区玉带河东街甲338号,13269152808
万家超市,昌平区于辛庄路祥和公寓旁,010-58460834/13400321320
超市（花香店）,丰台区四环花木中心203号,
华联超市,朝阳区焦沙路南100米,18611800161
超市,房山区绿地,13581829074
天堂超市Heaven Supermarket,海淀区华清嘉园(荷清路)12-12号,
福兰德超市,通州区宋梁路虫子美术对面,13911390147
福兰德超市,顺义区铁匠营村铁兴西街12号,15311777518
万家乐超市,朝阳区顺白路三秦面馆旁,
福兰德超市,通州区东西垡路西垡村290号,
家乐福（大钟寺广场店）,海淀区北三环西路中坤广场地下二层（近地铁13号线大钟寺站）,010-52963298
瑞丰超市,昌平区土楼早市菜市场,
主食超市（红莲南路店）,西城区马莲道东街15号,15116975029
首航超市,大兴区育新花园北里,
物美超市（华贸城店）,朝阳区清河营南街7号院3号楼地下一层,010-88681600
烟酒超市,东城区东华门大街3号,
物美超市（酒仙桥店）,朝阳区酒仙桥路甲4号宏源大厦,
大脚超市,昌平区书画山风景区西,
福兰德超市（小店村店）,朝阳区贝贝佳幼儿园东北（金港南路南）,
阳光超市,朝阳区顺白路奶西村东方神娃双语幼儿园旁,
天客隆超市（永定路店）,海淀区永定路70号551楼,
华联超市,海淀区北辛庄路西150米,
阳光超市,石景山区鲁谷村7号楼底商,
D-MART超市（望京店）,朝阳区望京西园423号韩国城内,
双桥超市发,朝阳区东三环南路辅路与广渠路外大街交叉口南行200米路西,18310177868
尚京生活超市,石景山区鲁谷南路29-9号,
欣悦诚洁超市,顺义区二十里堡路与幸福路交叉口西南100米月如公寓,
福兰德连锁超市（刘村店）,大兴区团桂路29号,
家佳超市,朝阳区马各庄路福林家常菜旁,
华联便利超市,朝阳区西北门村西门街56号-2室,
小厮吃货懒人美食超市,通州区玉带河东街甲338号,13269152808
万家超市,昌平区于辛庄路祥和公寓旁,010-58460834/13400321320
超市（花香店）,丰台区四环花木中心203号,
华联超市,朝阳区焦沙路南100米,18611800161
鑫鑫超市,昌平区回南路北京顺昌诊所旁,
福兰德超市,平谷区平谷镇泃河西路海关西园南50米,
